customer_id,name,email,phone,address,date_of_birth,account_open_date,customer_status
f49327ed-428a-4927-abdd-a5a009c531cd,Cynthia Mitchell,cynthia.mitchell@gmail.com,933-669-9972,"90936 Sara Wall
Joannshire, MD 80851",1952-10-16,2016-09-01,Active
d4cb661f-6ad9-436f-85f5-eaa7b5359233,Melissa Crosby,melissa.crosby@gmail.com,+1-993-530-2908,"5538 Henry Avenue
Keithfort, WV 79829",1971-05-11,2015-08-09,Active
19c78e97-63b1-49c0-8ef0-3a70f30be20c,Steven Garrett,steven.garrett@gmail.com,001-908-871-4856x6918,"3532 Christopher Extensions Suite 368
Lauratown, ME 68877",1956-12-25,2024-07-18,Inactive
0c6c5468-a522-451c-8d6f-21c354188284,Larry Chavez,larry.chavez@gmail.com,+1-556-874-7252,"03837 Donna Viaduct
Shaffertown, CA 28376",1969-06-02,2018-03-27,Closed
d4b40026-2b94-43b4-8e42-1dcd795aa47d,Spencer Middleton,spencer.middleton@gmail.com,+1-398-920-3689x36451,"7996 Nancy Branch
New Johnny, MD 80698",1938-10-10,2016-04-17,Inactive
39a9c606-1e24-4c75-924a-8739208908a6,Andrew Williams,andrew.williams@gmail.com,(384)649-8893x8108,"Unit 5861 Box 7526
DPO AP 66610",1946-06-14,2017-02-24,Inactive
3977ce73-b5de-46ef-a60f-499f50d2fedc,Andrea Williams,andrea.williams@gmail.com,954.512.8941x32333,"9633 Bobby Ferry
Port Brandon, KS 33849",1944-02-01,2018-10-20,Active
9afd20f5-358b-483f-b8e5-ccc01fc11959,Chelsea Sanchez,chelsea.sanchez@gmail.com,3714486374,"4958 Frank Unions
Vincentborough, MH 30834",1958-03-06,2015-07-26,Closed
d1ae27f0-8c34-4a2e-85ae-e8f6afaf3160,Michael Park,michael.park@gmail.com,(868)250-3693x041,"22141 Carolyn Turnpike
East Jamesport, OR 61586",1982-06-19,2016-05-09,Active
728fa8d1-1ea9-43b5-b750-4b344544669a,Derek Terrell,derek.terrell@gmail.com,728-309-1718x594,"678 Harris Inlet
Lisaland, TN 68703",1942-04-12,2020-01-25,Active
ec2332a5-5bc6-4f85-bc24-c95ed8a7cb4a,Mariah Harris,mariah.harris@gmail.com,001-293-862-9814x04535,"5608 Henderson Circles
Kyleville, TN 29067",1977-09-08,2017-07-01,Inactive
05745abf-ac32-44ae-a6bf-312dd288dcf6,Mathew Campbell,mathew.campbell@gmail.com,4582417397,"943 Estrada Crescent Apt. 919
Torreston, UT 24946",1946-04-02,2015-08-15,Active
1a221075-ec55-48cb-a8a7-101d96996a73,Jessica Anderson,jessica.anderson@gmail.com,+1-971-692-0911x597,"USNV Lee
FPO AA 01104",1938-12-27,2017-12-09,Closed
4d390446-4f59-4a82-ab06-b788bacae335,David Marshall,david.marshall@gmail.com,+1-253-620-5940x175,"09955 Jacob Passage
Garciaport, WY 59012",1981-10-21,2017-04-02,Closed
d3b2dd80-bc70-4ca8-8991-d0dda3dd4042,Crystal Holland,crystal.holland@gmail.com,393-570-9520x74310,"1035 Jones Crossing
Millsfort, MD 94307",1996-03-05,2019-10-17,Active
2bbbafdc-af91-4c88-8486-0d51169c2e27,Mr. Alexander Hendricks Jr.,mr..alexander hendricks jr.@gmail.com,(862)321-2883x532,"PSC 1327, Box 6237
APO AP 51817",1971-06-22,2018-01-28,Active
242cb61f-c687-4a53-a4d6-2b7e90113e0c,Tracey Nichols,tracey.nichols@gmail.com,(488)997-0754x4834,"00153 Harris Spur Suite 846
Stevenland, TN 95876",1991-05-24,2018-12-31,Active
1b328b79-11d4-4f61-86f2-966260cc19f0,Mike Hoffman,mike.hoffman@gmail.com,(430)841-2008,"21900 Bruce Heights
North Scott, NE 04287",1968-05-21,2016-07-04,Active
3c1689f4-658b-4134-9189-a8d67a51b539,Claudia Patterson,claudia.patterson@gmail.com,973-232-9868x54225,"34907 Lee Turnpike
North Anthonychester, WV 16200",1967-01-06,2021-08-30,Closed
28a71ed5-336e-484c-b986-4bc6ea641bf7,Todd George,todd.george@gmail.com,664-349-9389,"18169 Timothy Run Suite 180
Port Joseville, MT 98822",1980-09-15,2021-02-14,Inactive
5843743a-edd8-448a-93d0-72084efa4120,Stephen Mcdonald,stephen.mcdonald@gmail.com,001-741-373-5396x7000,"47008 Heather Drive Suite 442
Kylebury, MT 70021",1953-07-13,2015-05-18,Closed
b715dde7-6150-40fb-a1e8-3e7d0dcef75c,Kelly Oconnor,kelly.oconnor@gmail.com,992-687-8826x204,"34468 Cummings Mountains
Kingfort, SD 21924",1954-11-22,2016-06-15,Active
5c03ba67-1f4e-479d-8b8f-1a97ca6e7372,Maria Combs,maria.combs@gmail.com,572.899.7621x749,"USNV Morgan
FPO AA 15431",1980-05-13,2021-11-18,Active
f9ad5d30-9aeb-4434-a3ee-8e8d9071eaa5,Bradley Bell,bradley.bell@gmail.com,(468)393-0398,"43263 Rodriguez Squares
East Lynnburgh, FM 31116",1960-01-21,2015-06-13,Active
464c7100-7069-4a0d-b07d-8986198642fd,Kristina Dillon,kristina.dillon@gmail.com,772.348.4946x1561,"717 Butler Forges
Rivasland, MI 26474",1952-02-22,2023-10-02,Closed
c1bafebc-c651-47c8-90a2-f1d3dbbb29aa,John Benjamin,john.benjamin@gmail.com,001-213-785-1694x3707,"06318 Kimberly Ville Apt. 926
Cynthiastad, NH 10443",1952-03-05,2018-10-09,Closed
9d9056c5-7561-444d-85ba-4e6e5498c852,Melissa Bailey MD,melissa.bailey md@gmail.com,001-815-428-8206x0519,"7285 Jennifer Extensions
Jimenezstad, TN 10951",1977-03-07,2024-01-12,Closed
8b5724d7-1a52-4bff-b512-68b0b851b4ce,Jesse White,jesse.white@gmail.com,001-517-954-1070x251,"992 Hess Drive Apt. 790
North Monica, HI 95719",1994-09-11,2021-09-30,Active
d88a30a7-50b4-4a93-a435-3432bbb78f4e,April Mcknight,april.mcknight@gmail.com,001-276-709-5257,"054 Matthew Overpass Apt. 540
Hernandezland, NH 83859",2003-06-02,2017-03-13,Inactive
4ac1f879-2778-4022-949e-9013f633a589,Javier Petersen,javier.petersen@gmail.com,(993)992-3486x3798,"775 Richard Valleys Apt. 157
Jasonfurt, ND 66200",1982-04-29,2022-05-22,Active
75d27f61-2999-4e2b-a7f2-ee0c596383ed,Crystal Tran,crystal.tran@gmail.com,001-589-605-1844x123,"2210 Rick Key
Toddfurt, AK 27269",1994-02-15,2022-01-20,Active
d1734c9a-7e77-4412-927b-efdc153a4ff5,Andrew Green,andrew.green@gmail.com,850-993-6785x2880,"337 Brian Forge
New Brandon, SD 63875",1985-01-01,2023-12-11,Closed
80ee6e0c-1044-4b47-a41d-7e203e1df77a,Justin Fisher,justin.fisher@gmail.com,+1-752-691-9223x782,"68401 Glass Station Apt. 638
Port Amber, VI 86457",1985-01-14,2016-01-07,Inactive
25e088af-b371-4aed-ba5a-fdce1763c67d,George Fitzgerald,george.fitzgerald@gmail.com,3169755856,"077 Glenn Bridge Suite 932
North Jameston, MA 15284",1955-06-14,2020-11-15,Closed
a3607a6d-8877-4191-bfb3-fce8f49880f9,Amanda Rivera,amanda.rivera@gmail.com,+1-635-377-0938x251,"942 Chase Fords
Port Isabella, OK 57707",1997-08-20,2021-08-21,Inactive
25e779e7-d3e6-4c17-a638-e8dab4647da9,Jesse Jones,jesse.jones@gmail.com,001-858-230-9133x3282,"83491 Torres Track Suite 498
South Joseph, OH 89871",1990-03-24,2021-08-24,Closed
5e529fb7-b2d6-4c82-b829-ae10c046912d,Diana Drake,diana.drake@gmail.com,001-540-811-8630x8753,"4740 Fitzgerald Points Apt. 273
Lake Brittany, NV 64561",1957-03-15,2015-12-11,Inactive
f3e022d2-ca5a-4e49-ab9c-4ba78aa7ff6b,Jeffrey Nguyen,jeffrey.nguyen@gmail.com,(884)734-0470,"68665 Lisa Avenue Suite 032
Toddview, IN 03431",1982-04-18,2015-11-14,Active
678dcf50-f739-498c-ac14-748b90bb77d7,Daniel Rodriguez,daniel.rodriguez@gmail.com,(558)546-7947,"86504 Johnson Cliff
East Cheryl, MS 63422",1977-11-12,2017-08-28,Active
37e3e1a3-62b2-4259-ae93-43c509bae7ea,Valerie Tanner,valerie.tanner@gmail.com,001-971-254-1990x787,"9450 Jonathan Trafficway Apt. 089
West Kelly, MI 83076",1982-01-02,2020-09-06,Inactive
6bc5481a-0981-4d5a-9694-592fd5f5e486,Michael Reynolds,michael.reynolds@gmail.com,(951)671-0442,"9735 Day Fork
New Lisa, UT 42585",1953-11-15,2020-02-11,Closed
0a7f2ca4-b69a-40f9-a6a4-919e1cf95abd,Angela Ruiz,angela.ruiz@gmail.com,(284)585-5527,"76028 Elizabeth Plains Apt. 005
Lake Anthonyville, PW 06846",1947-11-12,2015-05-31,Inactive
6c3345f5-20a0-443a-92e4-19c9ef54f228,Ashley Flynn,ashley.flynn@gmail.com,546-438-8640x54374,"003 Webb Points
Melissahaven, GA 81054",2002-06-24,2023-09-22,Active
b30b9e29-a5c5-4a8e-aadd-ee4d053a00eb,Victor Smith,victor.smith@gmail.com,001-454-539-3317x2937,"74829 Price Street Suite 547
Chelseatown, SC 97462",1964-03-08,2020-12-21,Inactive
2f4681af-ed73-4319-815f-b43b975a2964,Jerry Hudson,jerry.hudson@gmail.com,(683)738-7152,"992 Green Parkway
Foxmouth, VI 06679",2003-11-26,2018-06-02,Inactive
1d08b9c9-c0ce-4c39-b94d-cf89511fe31f,Janet Chen,janet.chen@gmail.com,7743325520,"34244 Julie Inlet Apt. 471
Andrewsfurt, MP 78361",1986-09-04,2021-03-02,Inactive
8c575129-1eec-49c3-9759-e429c341b3a5,Mark Robinson,mark.robinson@gmail.com,001-999-251-6618,"PSC 6269, Box 8074
APO AA 77447",2000-09-17,2018-07-04,Active
7c579f9f-a9ed-45f9-b35d-77b1eb7d5d4f,Tanya Stewart,tanya.stewart@gmail.com,639-813-4704,"USS Graham
FPO AE 33776",1948-09-24,2015-07-18,Active
0b12a261-fe8e-44e4-9fe7-b4066c06f25c,William Li,william.li@gmail.com,001-850-258-3929x67701,"19181 Alicia Center
South Ruth, MN 54832",1974-04-14,2019-05-04,Active
b36d3c0c-d7e9-4251-8ca5-0ad18208ec2c,Steven Williams,steven.williams@gmail.com,(984)894-7050x119,"478 Preston Center Apt. 807
Amandatown, MH 64043",1955-04-13,2017-03-17,Active
c6c3d4e0-5170-4d81-b61f-a8a236dba550,Jill Walker,jill.walker@gmail.com,(972)243-7864,"9603 Russell Mills Apt. 836
Lake Angela, AK 95113",1976-08-03,2017-12-23,Closed
bfc30325-5ef2-4915-b193-1c93d73e4733,Ryan Drake,ryan.drake@gmail.com,001-571-838-9845,"52832 Vanessa Circle
South Sarah, MO 26132",1961-07-04,2020-03-21,Inactive
888ef41a-80aa-4511-bde5-ef9dc17f117d,Holly Ross,holly.ross@gmail.com,418-238-4071,"0606 Wells Lakes
Kathleenchester, CO 03174",1938-07-28,2021-03-04,Inactive
9805a990-e91f-47a1-bc80-337fb16f223c,Roger Carr,roger.carr@gmail.com,(306)921-7091x5759,"15928 Richard Ridge
Matthewside, SD 97368",1934-01-26,2019-02-23,Closed
8779bf6c-9a88-49ed-b246-9ad6c100f830,Daniel White,daniel.white@gmail.com,270.851.9405x732,"586 Sharon Wall Apt. 445
Anthonyland, IL 15607",1945-01-29,2022-01-18,Closed
d2cdf057-b21a-4edd-9497-342514637ecf,Emily Wells,emily.wells@gmail.com,(233)662-7692x6918,"1486 Washington Alley
North Mackenzie, PR 93894",1960-02-16,2017-12-29,Inactive
dcd48f24-c4de-4777-8cb2-4b58045b2ff4,Laura Middleton,laura.middleton@gmail.com,744-689-6162x806,"USS Wilson
FPO AE 15343",1941-05-26,2021-07-11,Active
0322a53b-f592-40a8-9025-020945886efd,Julia Sanchez,julia.sanchez@gmail.com,001-943-431-4889,"20172 Simmons Shore
South Erinbury, DE 27272",1995-04-26,2024-06-25,Inactive
b92538f4-f956-4d61-aa4f-9e8d6d2c9401,Paul Gibson,paul.gibson@gmail.com,(886)543-6474,"4842 Stacy Dale
Perezchester, SC 43348",1961-08-25,2021-12-03,Inactive
9037981a-6083-49b8-8b75-8da6b684445b,Jacqueline Blanchard,jacqueline.blanchard@gmail.com,(627)278-3525x66461,"0073 Denise Dale
New Derek, CO 66303",1938-08-14,2024-02-02,Active
b13ffa12-6fa1-4577-bf71-eabbc5e05848,Connie Gutierrez,connie.gutierrez@gmail.com,397.649.1897x832,"4995 Andrew Corners Suite 085
Port Derekburgh, NH 65269",1986-01-24,2024-05-05,Inactive
30cd3e97-5367-49d8-bfdd-8f35dfe2d525,Michael Murray,michael.murray@gmail.com,383-565-7254,"0885 Ward Overpass
Whitetown, UT 86777",2005-04-21,2021-10-24,Inactive
b99d4c3e-0064-4b88-8b1e-b6fc0da78862,Thomas Hamilton MD,thomas.hamilton md@gmail.com,+1-628-803-0143x810,"215 Patrick Brook
Port Garyport, AS 14875",1988-11-22,2019-05-13,Active
35b25340-960f-47f0-b19c-5dd8b6c828e5,Jaclyn Kim,jaclyn.kim@gmail.com,414.647.5671x691,"Unit 9421 Box 3874
DPO AA 31049",1970-12-25,2015-09-30,Closed
2b256eef-9bc0-4da0-b9a3-8afce4f35655,Taylor Carpenter,taylor.carpenter@gmail.com,920.747.6933x432,"572 Thomas Via Apt. 412
South Timothychester, CT 99259",1992-05-26,2023-06-13,Inactive
fb92f496-201a-4a59-9afc-091372b68c37,Jay Murphy,jay.murphy@gmail.com,(807)299-0812x89287,"1842 Daniel Valleys Suite 796
Nathanielbury, TN 33658",1937-10-08,2016-06-18,Closed
777c08d1-4c02-48a9-becb-e85acecfb2b3,Lindsay Munoz,lindsay.munoz@gmail.com,+1-416-921-5214x7299,"7141 Hall Point
South Adammouth, NY 34413",1955-01-25,2016-02-20,Inactive
6c3db0b5-ea85-4eac-9d24-2f3cc681451d,Russell Coleman,russell.coleman@gmail.com,383.535.9817x3286,"59823 Moore Brook
Lake Jenniferton, MI 54642",1960-12-12,2017-03-12,Inactive
60d8998f-060b-4ffe-8996-a79ed51bedce,Nicholas Rollins,nicholas.rollins@gmail.com,+1-434-987-7255x94314,"34013 Steven Brooks
West Markshire, RI 32925",1958-01-19,2020-11-21,Active
b831d3fb-4c4f-4c72-9d40-d9b53649158f,Daniel Houston III,daniel.houston iii@gmail.com,(990)749-3907x3091,"27227 Bates Neck
New Nancy, ND 01452",1938-06-12,2017-08-16,Inactive
ea8fc627-cebe-47f2-a342-c1ed4e1e4615,Allison Combs,allison.combs@gmail.com,562.319.8163x2045,"92929 Woods Isle Suite 793
Donnabury, NV 57680",1955-12-20,2016-01-05,Closed
e15ca4d6-09a3-40c5-b78b-94f6f013289b,Debbie Barry,debbie.barry@gmail.com,678.502.9262x514,"46989 Michelle Creek Apt. 462
South Heather, SD 28143",1996-10-21,2019-10-06,Closed
8f079ecc-3ecb-418b-a7db-1e4c6805fb2c,William Jones,william.jones@gmail.com,605.261.4544,"3253 Julie Via
Tuckerstad, LA 12572",1979-05-17,2024-09-22,Inactive
37166d68-a3e4-4de3-9db2-a8f139002305,Shannon Hampton,shannon.hampton@gmail.com,(470)601-5429,"9555 Bobby Hills
Lake Matthew, TX 96257",1998-07-27,2023-02-26,Active
f28d77fd-3aef-43eb-a8d7-23d0d2dbff46,Sandra Higgins,sandra.higgins@gmail.com,296.246.7443,"6795 West Ferry Suite 311
Pagemouth, MA 38911",1948-03-26,2016-01-29,Closed
254180ab-4486-4599-9ec8-3d3be8f6ba38,Robert Torres,robert.torres@gmail.com,9512533158,"9417 Tracey Plain
East James, VA 15800",1994-07-05,2018-02-27,Closed
4beb3862-0da7-4275-8796-b90cbe589dea,Emily Torres,emily.torres@gmail.com,(642)863-7368x9575,"USS Kane
FPO AE 78507",1943-03-16,2015-09-16,Inactive
e4eb3461-7905-4c27-82ab-422eaef2bb78,Daniel Clark,daniel.clark@gmail.com,616.702.8546x7034,"28069 Wallace Court Apt. 782
West Tinastad, AZ 49536",1996-09-01,2019-12-10,Closed
2f455a46-e307-4467-8261-42dad752d2f1,Nicole Lee,nicole.lee@gmail.com,(920)560-9823x800,"606 Jones Mission Apt. 923
South Jeremymouth, TX 34358",1939-08-07,2022-03-13,Inactive
0fa5d1c1-7111-40df-bfae-bd150249c177,Angela Coleman,angela.coleman@gmail.com,573-223-3138x53099,"2362 Joseph Knolls Suite 674
East Brandonmouth, MT 97636",1937-09-10,2020-12-05,Active
961cc0c2-6924-493b-95d0-846cdd2efaa0,Kayla Cooper,kayla.cooper@gmail.com,2573808861,"895 Nicholas Light
West Frederickfort, TX 35695",1950-02-16,2015-06-03,Inactive
fb1a7ea0-f8a2-4f8b-8c85-47334150ad53,Kristopher Cantrell,kristopher.cantrell@gmail.com,9718367305,"99935 Gabriela Circle
Fisherchester, UT 50202",1977-10-19,2016-11-08,Active
3cb31444-e7fc-490b-a383-6d1769c880d4,Andrea Payne,andrea.payne@gmail.com,4639798343,"33682 West Center Suite 393
Lake Sara, IL 59102",2002-01-16,2019-11-24,Inactive
aac169bf-2899-4f05-bb75-73fb3ba74c7f,Jessica Wilkins,jessica.wilkins@gmail.com,(553)724-7013x401,"58631 Cohen Grove Apt. 004
North Shellyfort, NM 42422",1981-05-08,2016-01-08,Inactive
937317ec-10de-4dc2-8b0f-7f6e8e46615a,Jennifer Harrison,jennifer.harrison@gmail.com,001-957-929-2315x1759,"PSC 6021, Box 4625
APO AA 90750",1942-03-10,2016-09-10,Closed
61726b54-3f14-4f32-9609-ae3d073217ec,Jeanne Hall,jeanne.hall@gmail.com,001-791-433-4430x4319,"71084 Levine Mills Suite 325
Sheppardville, TN 90819",1963-07-25,2022-03-09,Closed
b993d698-55f3-493b-a4ce-4fe1e19afb10,Karen Gonzalez,karen.gonzalez@gmail.com,905-400-4228,"356 Davis Court Apt. 932
New Paulville, NM 49655",1983-12-02,2019-08-21,Active
85fec3d6-e562-40c9-9ac4-317aa2d70a73,Austin Williams,austin.williams@gmail.com,001-244-906-7881x43316,"44873 Kelley Turnpike
South Allison, ND 92867",1976-06-20,2015-08-18,Closed
04aca640-6335-4539-8ff8-03d0c7c09d3e,Amy Green,amy.green@gmail.com,4887921154,"2298 Mclaughlin Islands
Sandershaven, VA 83026",1961-02-12,2024-01-19,Closed
b1d7220a-964c-4585-81af-5f376b1afb4c,George Ali,george.ali@gmail.com,840-801-2128x39768,"USNV Richards
FPO AE 68450",1949-12-14,2016-02-05,Inactive
77d06bab-39b7-4e13-bfc9-5118e7f76b0a,John Williams,john.williams@gmail.com,595.373.4885,"PSC 5250, Box 0389
APO AA 41698",1990-11-22,2023-09-21,Closed
5d513911-0996-4626-a295-d4828960a155,Lisa Sanders,lisa.sanders@gmail.com,487-495-8132x221,"3015 Thompson Track Suite 714
Smithhaven, MT 90495",1972-05-10,2016-01-08,Closed
c73558eb-7fc7-492e-ac3b-6f91b1450422,Sheila Martin,sheila.martin@gmail.com,(241)270-2442x386,"181 Lisa Mount Apt. 653
Amandaton, ID 86275",2005-09-17,2017-12-09,Closed
f21b8fe1-221b-4029-9c74-ee9fd2b545bc,Joseph Ortiz,joseph.ortiz@gmail.com,001-869-547-3079x17884,"5169 Snow Cove Apt. 979
North Kristina, MS 68587",1950-09-28,2022-05-05,Closed
025adda3-b57c-4402-929a-27d765ea54aa,Joshua Graham,joshua.graham@gmail.com,+1-223-780-8056,"17182 Cassidy Curve Suite 241
South Bradley, SD 06792",1934-03-04,2022-12-11,Closed
d1fe0fcf-7b91-4caa-8315-71f2d015de79,Sarah Chavez,sarah.chavez@gmail.com,455-945-6913x7328,"15751 Patel Lakes Suite 523
Roseside, AK 44854",1949-08-03,2017-01-06,Inactive
d6af7e3f-09fd-4454-be25-28b91b09a010,Amanda Blankenship,amanda.blankenship@gmail.com,949.629.8817x74889,"604 Susan Walks Suite 497
New Tara, LA 28378",1963-10-23,2024-01-16,Active
6618cc30-e67c-4663-b02f-4efe03caf39c,Marcia Hernandez,marcia.hernandez@gmail.com,001-399-873-7790x70340,"08581 Fisher Fields Apt. 407
Robertburgh, PR 68538",1966-09-11,2015-08-05,Inactive
0e3c0ca7-3aac-4439-9569-942323e1def5,Erika Henry,erika.henry@gmail.com,377-921-0095x124,"110 Cory Parks Suite 170
Kayleefort, GA 84356",1985-05-19,2021-03-26,Inactive
bfa57bb5-04a7-43cf-8166-30c673ec410e,Michael Blanchard,michael.blanchard@gmail.com,001-571-773-0409,"729 Emily Highway
West Keith, MN 38915",1936-03-12,2022-03-20,Inactive
c9279f02-d584-4f64-948d-2a98bdf3fe01,Joseph Michael,joseph.michael@gmail.com,001-443-341-6771x631,"017 George Port Apt. 990
Amyborough, NH 46736",2005-07-28,2016-11-06,Inactive
36ad481c-dae4-4080-8c4e-06d1e5aee595,Henry Phillips,henry.phillips@gmail.com,535-405-9666x37939,"492 Ferguson Ford
South Craigfort, HI 13250",1991-10-08,2023-02-20,Closed
e4c790d0-b9a2-4911-9fd3-5d694208d0ba,Theresa Martin,theresa.martin@gmail.com,+1-814-574-7016x3163,"101 Michelle Stream Suite 143
North Heather, WY 53534",2002-07-22,2015-02-17,Inactive
b4313b54-1673-4e7b-b138-3bbc99ad1a52,Shelby Wright,shelby.wright@gmail.com,235-574-3888,"904 Tasha Flats
Oconnellville, AS 58949",1990-11-03,2024-02-14,Closed
6826d097-37d1-452d-85df-9972c9b8ce8e,Emma Johnson,emma.johnson@gmail.com,+1-885-784-0154x2099,"Unit 8030 Box 2724
DPO AA 13489",1973-03-22,2024-11-04,Inactive
d515a9ec-444c-4751-84ec-a5e42d97f31d,Renee Key,renee.key@gmail.com,001-590-912-7050,"94285 Jody Estate Apt. 547
Holmeston, NH 22495",1942-11-02,2019-10-02,Active
f7672697-d37a-4c2e-926a-900fc696e793,Haley Mckenzie,haley.mckenzie@gmail.com,701-641-6918x1292,"733 Connie Garden
West Rodney, MO 17143",1955-05-09,2016-10-23,Active
ee43b4e1-ad8e-4fc6-bd8a-bb55fb7ff5bd,Kenneth Marshall,kenneth.marshall@gmail.com,(740)294-5210x74454,"2656 Shields Plaza
West Jenna, HI 15917",1972-08-10,2017-02-08,Closed
20d0a90c-2f67-4094-8636-6453b3a97fa5,Larry Jefferson,larry.jefferson@gmail.com,(412)915-6560x698,"6571 Rodriguez Mountains Suite 989
Andrewburgh, PR 52020",1950-06-16,2024-03-19,Inactive
f339547d-40e4-4f1c-a706-fce12125ba32,Steven Simpson,steven.simpson@gmail.com,756.343.0266,"3123 Brett Harbor
Lake Christophertown, NE 53880",1963-03-09,2024-02-25,Closed
c4bbdc85-6237-4f41-a3aa-f6799fa2dd08,Brian Neal,brian.neal@gmail.com,258-509-2215,"221 Thomas Park Apt. 291
East Daniel, MD 51690",2004-09-03,2024-08-08,Inactive
aa6fb484-26f6-47fe-bcda-992eac49179a,Christine Wilkerson,christine.wilkerson@gmail.com,(898)297-8233x05870,"832 Michael Island Suite 683
Lake Jeremiah, HI 41041",1994-07-06,2018-10-31,Closed
582eac81-367d-4625-a5b5-f5db65440665,Trevor Olson II,trevor.olson ii@gmail.com,+1-352-787-4693x09387,"390 Hall Camp Apt. 896
Nathanbury, MA 67839",1938-04-22,2021-03-25,Closed
c9dbed5d-d865-4b8a-bab1-c9d5243159d1,Madison Rodriguez,madison.rodriguez@gmail.com,(846)894-6188x4970,"36359 Mcdonald Prairie
Port David, MT 69439",1952-02-22,2021-12-16,Active
aa954041-3420-47fc-8a5e-f37963fee2af,Lance Sexton PhD,lance.sexton phd@gmail.com,+1-876-870-9723x566,"9146 Shawn Pass
Coltonberg, MT 00572",1952-12-08,2017-02-03,Closed
d9fc172b-47e5-4cb5-a510-0919d8f2474e,Justin Moore,justin.moore@gmail.com,514.654.3781,"PSC 3498, Box 3909
APO AA 19166",1945-07-12,2018-07-26,Closed
e1b23ea0-83c1-4f62-ae39-2c0aa882f52d,Connie Lambert,connie.lambert@gmail.com,+1-997-642-4651x637,"PSC 3326, Box 7925
APO AP 69472",1941-07-17,2021-01-24,Inactive
97fe34f0-ca63-43e5-a1f5-1253184f8238,Kristen Combs,kristen.combs@gmail.com,426-911-7858x5642,"784 Kevin Valley Apt. 719
Nelsonborough, UT 63077",1967-09-07,2021-08-10,Active
84ea1b33-64ee-4d65-8b71-1c7064135cb9,Shawn Nichols,shawn.nichols@gmail.com,+1-720-851-0323x04486,"2022 Emily Bridge Suite 410
New Patrickburgh, MN 65533",1943-04-30,2016-07-11,Active
a0402825-0a9e-4f87-b95c-37612c756899,Robert Clark,robert.clark@gmail.com,+1-378-999-3301x28770,"USNV Durham
FPO AP 75830",1984-11-23,2024-01-09,Closed
63ce266f-7aca-4da5-ae6e-ec3212180283,Jeremy Rodriguez,jeremy.rodriguez@gmail.com,463-926-3148x18404,"856 Singleton Shore Apt. 496
West Elaine, WA 16801",1957-09-26,2022-03-21,Closed
847f64d4-d917-49e3-9e4a-73b12bf2997d,Kevin Hughes,kevin.hughes@gmail.com,(706)943-5637,"96518 Jordan Expressway
Tonyfurt, NY 33109",1961-11-13,2021-04-17,Closed
eba33920-9002-455d-a2d5-1ff79fdbbe67,Jane Campos,jane.campos@gmail.com,411.405.0697,"PSC 2446, Box 9501
APO AA 73115",1977-10-16,2023-10-17,Active
925d3139-fa5c-4996-872f-07c1d73df79e,Adam Goodman,adam.goodman@gmail.com,+1-699-874-5446x860,"09772 Joseph Route
Port Kimberlyside, CA 87317",2005-09-30,2019-05-02,Active
eafbc9c3-c29d-476f-9bd7-84aac948417e,Ryan Powell,ryan.powell@gmail.com,001-450-829-0897x6265,"503 Douglas Cliffs
Riggsmouth, PA 71174",1951-11-03,2016-06-02,Inactive
b2b92850-1665-46c5-83aa-6356e4ecfdeb,Alison Miller,alison.miller@gmail.com,(676)899-8699x1416,"2300 Daniel Trace
West Adamstad, VT 45086",2001-06-08,2016-06-01,Closed
6b158629-dcae-4774-af1d-7b722bae58d3,Steven Wilson,steven.wilson@gmail.com,(572)254-3392x1717,"736 Rowe Plaza Apt. 575
Aaronmouth, SC 62122",2005-02-10,2021-12-17,Closed
fe7660dc-9c8c-4e55-b445-97adb207dfa3,Lisa Bryant,lisa.bryant@gmail.com,602.838.6267x250,"697 Nicholas Mission Apt. 174
Ellenburgh, WI 97826",1957-01-22,2024-06-03,Inactive
70195b2e-3cb4-4b87-a272-ce4a79a7a9fd,Rachel Ho,rachel.ho@gmail.com,3902833097,"68897 Peterson Vista
Riverafurt, NE 93621",1983-03-16,2021-09-28,Inactive
63b4d629-4ed8-46c8-b8a1-b9b1b6319d8e,Lindsay Montes,lindsay.montes@gmail.com,754-600-3573,"8692 Peterson Haven
Lake Katie, AR 67898",1980-06-18,2019-02-13,Closed
f7eb2402-c368-4d93-bdcc-c880a6f43414,Tyler Watts,tyler.watts@gmail.com,414-969-9710x770,"1688 Carter Gateway Suite 968
South Allen, FM 06364",1996-07-12,2020-08-05,Closed
a1ad05b6-66d0-46aa-b7bc-7b6fac94b195,Francisco Reeves,francisco.reeves@gmail.com,(940)635-8706x6778,"8502 Murphy Stream
East Kara, SC 49065",1965-07-27,2016-12-21,Closed
c62af00f-12ee-4030-b36b-f684821fa3fb,Daniel Davis,daniel.davis@gmail.com,9368208055,"113 Mann View Apt. 778
West Angela, MP 56617",1978-05-05,2019-05-16,Inactive
e3e7a2fa-fe2a-45bf-9c4d-177e551c8b1f,Morgan Love,morgan.love@gmail.com,240-902-4378x3081,"050 Elizabeth Centers Apt. 525
Port Jasmine, AK 01427",1948-01-01,2020-01-07,Active
e39a3889-5c2b-499b-b217-647d14c026b7,David Powell,david.powell@gmail.com,837.550.6941x929,"62192 Richard Mills
Port Kelsey, OK 42942",1984-03-29,2024-03-31,Closed
57230687-ddab-44f1-8538-5e80d878df14,Brendan Powell,brendan.powell@gmail.com,+1-519-848-2492x8995,"67010 Greene Crescent
Steveton, MO 39698",1987-12-16,2021-12-30,Active
16133857-d366-4228-9bdf-c7c91c51642d,Erica Mcintyre,erica.mcintyre@gmail.com,894.554.7440x1775,"46286 Benjamin Club
Grahamstad, VT 85009",1941-06-01,2022-01-10,Active
a8d5a982-6a13-424e-a6cd-6da3e02f9984,Cindy Andrews,cindy.andrews@gmail.com,8303162479,"12266 Walker Center
East Laurenhaven, DE 38736",1996-04-11,2015-11-02,Active
ec5276d8-f7b4-4d11-8360-0684b6f236c8,Bill Gilmore,bill.gilmore@gmail.com,902-736-6280x67914,"9547 Carlson Fall Suite 350
Port Tiffanyhaven, NV 22738",1975-12-06,2019-09-13,Closed
6d47d57d-17d0-4549-9a50-86336939d673,Brian Arellano,brian.arellano@gmail.com,001-714-345-3770x25124,"0189 Sara Row
Jodiville, ID 57684",2006-06-23,2018-09-06,Closed
2001b617-544d-4f72-8cee-a3b3be47457e,Lindsey Spears,lindsey.spears@gmail.com,(430)737-9513x0431,"44360 Bell Brooks Suite 614
Nicoleville, FM 97684",2006-07-10,2021-10-18,Inactive
690b78c1-9b7b-498a-94a1-925a607b6a4d,Nancy Lee,nancy.lee@gmail.com,879-235-7582,"35905 Sandoval Mountains
Wolfside, FL 21656",1934-10-18,2017-12-06,Active
7d0889d7-99ce-4d3a-b4e8-53de77345a8d,Francisco Davis,francisco.davis@gmail.com,(888)756-7313x879,"08246 Kyle Fork
Reesechester, FL 22244",1950-03-13,2023-04-11,Inactive
04273bc7-ebba-4aa8-ab03-a317e62f213e,Joseph Brewer,joseph.brewer@gmail.com,+1-665-649-2602,"39545 Mary Courts Apt. 562
Port Coreyview, AS 26997",1943-05-12,2019-04-24,Active
421907d5-7f6c-4a5c-a013-ce9db56bafa0,Micheal Jenkins,micheal.jenkins@gmail.com,001-763-670-8814x20073,"0785 Fitzpatrick Inlet
Christineton, MN 27666",1954-05-04,2019-04-22,Inactive
f915b919-42a7-4fb1-a43f-1baf0b356277,Jeremy Taylor,jeremy.taylor@gmail.com,456.904.2114,"55980 Willis Causeway Apt. 237
Lake Markstad, NV 80499",1944-11-03,2016-06-30,Inactive
e33d7d50-975f-47b1-865c-38d8a2ba92a3,Nathan Johnson,nathan.johnson@gmail.com,(501)340-8571x395,"14182 Lisa Street
Henryshire, OH 47793",1988-05-23,2021-08-24,Closed
7838382e-b0c0-4c58-a015-244c739da78b,Lori Peters,lori.peters@gmail.com,001-538-832-2301x708,"3664 Gibson Haven Suite 861
Lake Jasonbury, NV 86908",1972-02-29,2023-09-16,Active
f54d8e91-cd11-4b5b-8cc2-3e012060544b,Geoffrey Thompson,geoffrey.thompson@gmail.com,769.443.8426,"36090 Adam Keys
Jenningschester, CA 95298",1945-06-04,2016-07-18,Closed
899f0b56-ad66-4dda-9668-ffa49f049e0f,Timothy Williams,timothy.williams@gmail.com,9418317383,"4270 Christopher Parkway Suite 150
South Annette, DC 27253",1943-09-21,2022-04-07,Inactive
c38e8242-d623-45d2-9f08-7df4d736eebf,Jordan Berry,jordan.berry@gmail.com,(401)620-5255x63674,"4102 Mary Trail
East Gregory, VA 09410",1937-03-10,2021-06-25,Inactive
672b67a7-c2eb-4faa-92bb-af7f2d14f13c,Jeffrey Gregory,jeffrey.gregory@gmail.com,001-863-359-1204,"64360 Peck Tunnel
Pricechester, WI 09275",1948-12-26,2021-05-09,Active
233464e2-1e89-47ba-98a4-80814e23a185,Crystal Barrett,crystal.barrett@gmail.com,(410)573-0983,"6453 Deleon Plaza Apt. 076
Lake Brandonton, CA 27452",1934-01-15,2021-03-12,Inactive
b695d947-8062-4a2a-9c55-603ecb116f37,Brett Bowen,brett.bowen@gmail.com,331.210.4693x34295,"891 Harrell Rapid
Duranstad, IA 41109",1955-04-11,2016-01-13,Closed
5813c2e3-a0ce-40ec-a443-93209c84aa23,Derek Castillo,derek.castillo@gmail.com,885-245-0415x176,"4022 Justin Summit Apt. 430
South Alison, MT 70782",1976-03-07,2021-10-16,Inactive
548a9043-adaa-4b7e-a76f-292f8a14d6dd,Mallory Harmon,mallory.harmon@gmail.com,001-359-988-4353x990,"25710 James Gateway Apt. 650
Port Sharonport, NY 41019",1973-07-12,2017-11-01,Inactive
07a28481-020a-437a-a38c-b59ea558e567,Julia Monroe,julia.monroe@gmail.com,(687)909-6295x236,"698 Garrett Point
South Michelleshire, CA 20436",1975-06-18,2020-11-27,Closed
07cab869-4170-4bcd-a254-7e160c08c343,Michael Williams,michael.williams@gmail.com,978-744-1617x546,"76873 Underwood Islands
Hillton, ID 53200",1979-11-22,2018-02-18,Inactive
257c5398-18ba-46f6-9fce-691891625981,Katie Howard,katie.howard@gmail.com,878-434-7336,"7278 Caldwell Bypass Apt. 069
Shawnaborough, NY 60569",1989-10-29,2015-04-12,Active
95a69fec-f6a2-4368-8642-8db030fcd9ec,Kerry Watkins,kerry.watkins@gmail.com,001-209-325-9735x220,"379 John Plain Apt. 013
Brianchester, ID 13882",1977-11-24,2023-09-07,Closed
f74f5af0-f9ca-420b-9226-3180f3b8a134,Joshua Riley,joshua.riley@gmail.com,(768)581-8920x2497,"190 Wise Locks
Garybury, UT 09191",1951-04-19,2020-07-10,Inactive
9a4a238a-8cf2-4adc-af88-fb21730d56d7,Joy Brown,joy.brown@gmail.com,001-517-511-6741x3570,"14662 Rice Port
Danielshire, MA 13922",2001-05-22,2019-01-08,Closed
04793f04-b261-493b-a66d-210cc9af864f,Cindy Lindsey,cindy.lindsey@gmail.com,943.536.2860x5859,"9764 Dawn Junctions Apt. 561
Lake Lesliehaven, OH 25512",1999-05-10,2024-07-11,Closed
b10a02a0-b714-4835-860d-4d68e96b246a,Alice Brown,alice.brown@gmail.com,7862102559,"USNS Cole
FPO AE 99067",1963-06-21,2023-09-29,Inactive
91bc3027-eca7-4ebf-8b11-155ffa529762,Michael Myers,michael.myers@gmail.com,443.808.0296,"Unit 9572 Box 5331
DPO AA 78697",1959-10-05,2022-09-08,Inactive
6758e206-4960-46df-a361-0c15b83ce18b,Amanda Clay,amanda.clay@gmail.com,+1-744-703-5489x9747,"141 Davies Loaf Apt. 762
Tylerberg, ME 35261",1971-07-27,2024-10-27,Closed
9a925ca8-e410-4926-9bc5-820e638cd983,Victoria James,victoria.james@gmail.com,998.994.1431x6300,"288 Montgomery Harbor
Port James, UT 26627",1969-12-23,2022-02-15,Closed
279df499-38bb-4338-b897-01861e40f41c,Amanda Estes,amanda.estes@gmail.com,001-963-919-5598,"15031 Valdez Port
Michaelton, DE 90311",1971-11-22,2023-02-11,Inactive
bcb6fb17-6ea4-4008-b581-b4ed5d841a65,Cheryl Jimenez,cheryl.jimenez@gmail.com,+1-944-528-9084,"642 Erin Locks
Newmanshire, FM 82044",1956-09-08,2016-12-25,Active
6f514d5a-0a32-4c8d-a196-0e6576cb25d8,Daniel Ross DVM,daniel.ross dvm@gmail.com,(309)976-9805,"971 Anthony Parkway
Kimberlyshire, CO 87304",1964-06-04,2017-12-27,Inactive
ced1b500-5828-4fd5-b10a-740edac8d541,Lauren Jackson,lauren.jackson@gmail.com,+1-583-584-7288x8683,"184 Taylor Cove
Port Joshua, NH 60667",1995-03-29,2021-07-07,Inactive
f8e7b2e0-f23a-4e20-b801-3efbb1994a08,Brittany Jones,brittany.jones@gmail.com,683-421-9461x0296,"324 Huffman Field Suite 571
West Ianshire, NJ 17847",1958-02-01,2019-05-13,Active
3a49d4a0-63ff-4903-847f-a7162e93a234,Christian Jones,christian.jones@gmail.com,9884267892,"40508 Jesse Pines
East Carl, ME 22733",1975-09-06,2024-08-07,Inactive
ad7eb79f-4e53-46fd-a08d-269c45c19034,Stephen Miller,stephen.miller@gmail.com,001-374-339-6157x8875,"USNV Ramirez
FPO AE 99666",2000-01-06,2021-08-27,Active
2de3bd74-6deb-4d7b-b20f-040079afe7ea,Christopher Flores,christopher.flores@gmail.com,001-432-498-2022,"7075 Morgan Villages
Atkinsburgh, MD 01609",1995-08-10,2017-04-13,Closed
589f28da-5b46-4e02-924c-1af1ce873e5c,Angela Jones,angela.jones@gmail.com,(272)561-1871x814,"82874 Wiley Mission Apt. 540
Johnsonport, MP 12783",1960-06-11,2021-07-28,Closed
a3f6f7e9-2c6a-457e-bd4f-dac688695d83,Sara Rodriguez,sara.rodriguez@gmail.com,(834)957-1606,"35956 Erin Street Suite 655
Bartlettport, TN 67088",1947-12-18,2022-06-04,Inactive
d37be174-74c1-4b9e-97f4-958404e811f6,Ronald Edwards,ronald.edwards@gmail.com,986.919.9566,"1082 Black Plain
North Rebeccaton, PA 36141",1943-07-31,2015-01-01,Active
84989c02-10c9-4f9a-96bc-331499c40d6e,Danielle Parker,danielle.parker@gmail.com,+1-471-715-2528,"10632 Anne Light
Boltonburgh, NE 89657",1949-09-06,2018-08-30,Inactive
daaaf21a-0e4e-4f8e-b874-c20e890990b4,Alexis Rogers,alexis.rogers@gmail.com,(409)701-2388,"PSC 3612, Box 3403
APO AA 95621",1977-05-13,2024-09-11,Active
ac43900e-1600-43cc-a333-e0848ee8f2d3,Robert Stevenson,robert.stevenson@gmail.com,430.521.5625,"Unit 1435 Box 4181
DPO AP 63821",1991-05-09,2023-02-07,Inactive
92a93d3a-78c8-4d75-bd3a-5f9200ddbe35,Dr. Terry Willis PhD,dr..terry willis phd@gmail.com,686-545-2873x65090,"7088 Boyd Divide Suite 267
North Nathantown, ME 74656",1953-02-16,2016-10-08,Inactive
f35d7486-1f25-40ce-bbce-ffbdd998ef1b,Tyler Jones,tyler.jones@gmail.com,+1-789-490-3139x93194,"01262 Roy Alley
Gardnermouth, ME 80642",1952-01-10,2022-08-14,Active
bad7c987-36a4-465d-ab59-a1ea681c74d1,Christopher Lamb,christopher.lamb@gmail.com,+1-728-743-8220,"507 Hannah Burgs
Lake Nicolechester, AR 32616",1940-12-13,2024-08-09,Active
ec7357dd-0ee9-46e6-ac81-c969663786e6,Jennifer Robinson,jennifer.robinson@gmail.com,211.778.3962x756,"3389 Lisa Trail
South Kristenfurt, AL 87780",2005-03-12,2017-01-23,Active
c3da8de9-21bb-4eee-9353-e2767db200ff,Amanda Lozano,amanda.lozano@gmail.com,(258)541-4562,"44564 Harper Terrace
Chelseachester, MI 34203",1963-02-08,2016-02-07,Inactive
c70bd548-33f9-49ab-9884-3d17602337be,Karen Taylor,karen.taylor@gmail.com,795-856-4624x543,"7813 Atkinson Turnpike
Shawnburgh, VT 12435",1962-10-09,2014-12-17,Closed
9e589b2f-9f8c-494b-860d-605669e2355f,Garrett Sanders,garrett.sanders@gmail.com,(618)304-1046,"2845 Osborn Canyon
West Shawn, AK 32088",1973-12-26,2023-11-27,Inactive
75d3afb4-33e0-4edb-b91b-17d5240145bc,Dawn Rose,dawn.rose@gmail.com,4558595296,"8375 Jeffrey Burg Suite 987
Scottshire, VI 91221",1977-03-22,2019-04-10,Inactive
0c4c0ccd-c52a-49ac-8da8-a0afa483dbd0,Casey Moses,casey.moses@gmail.com,+1-824-406-2436x441,"55738 Hernandez Club
Brooksburgh, AL 99121",1994-04-04,2018-08-17,Inactive
39a7f2e8-c10a-4c46-93ea-b70d807ed442,Sean Hernandez,sean.hernandez@gmail.com,+1-764-330-9439x87081,"02091 Jeffery Rest Apt. 456
New Caitlin, DC 47886",1955-11-18,2023-03-17,Inactive
e3e52818-799f-4e8f-a8b4-08e3ad384bb0,Anthony Robinson,anthony.robinson@gmail.com,001-236-537-6946x658,"94717 Christy Port Suite 601
Patriciamouth, IA 31409",1992-05-25,2017-06-02,Closed
bdf000df-7401-4437-816f-d169653deae8,Melissa Alexander,melissa.alexander@gmail.com,938-709-8473x74375,"Unit 4267 Box 7758
DPO AA 92585",1935-09-03,2018-05-04,Closed
165f02ae-8698-4589-987e-e0ba01b9e4da,Robert Bishop,robert.bishop@gmail.com,001-914-267-7673x8555,"2333 Carter Dale Apt. 703
Danielville, TN 79628",1961-02-27,2022-10-01,Active
ad8ffcc4-a9b2-417d-9fac-79b605c8ffaf,Terri Knight MD,terri.knight md@gmail.com,001-269-267-6879x23118,"5488 Cassandra Port Suite 787
New Angelafurt, HI 77078",1995-09-28,2018-09-09,Active
5b2a5613-df3e-4993-ade7-c0fe8d9160ac,Lauren Conley,lauren.conley@gmail.com,001-732-671-3429x154,"426 Sean Path Suite 288
Farmerburgh, MP 03707",1962-03-09,2017-10-29,Inactive
82a4afa6-0352-4dba-95b6-7b36e6012529,Amanda Harrington,amanda.harrington@gmail.com,+1-202-323-4017x2023,"Unit 1247 Box 1312
DPO AP 05161",1992-06-25,2020-12-09,Inactive
72291aef-917e-4703-a9b0-e316281d1eeb,Chelsea Jarvis,chelsea.jarvis@gmail.com,962-409-5520,"Unit 2469 Box 1910
DPO AP 69318",1956-10-10,2020-09-01,Closed
79ea68c1-bf6a-4ed0-9b43-186e128a1dfc,Kerry Schwartz,kerry.schwartz@gmail.com,845-924-4967,"666 Mary Spurs Suite 444
East Dana, DE 11291",1946-09-05,2016-08-20,Closed
d201b1a9-342c-4187-8385-47f85112c02f,Jackson Hodge III,jackson.hodge iii@gmail.com,001-797-549-6620x90132,"9488 Karina Squares Suite 918
New Cheryl, GA 28825",1961-10-05,2019-05-12,Active
